{"chunk_definitions":[{"row":33,"row_count":1,"visible":true,"expansion_state":0,"options":{"engine":"r","label":"unnamed-chunk-9"},"document_id":"53D52603","chunk_id":"c780eg6bql2fk","chunk_label":"unnamed-chunk-1"},{"row":81,"row_count":1,"visible":true,"expansion_state":0,"options":{"engine":"r","label":"unnamed-chunk-2"},"document_id":"53D52603","chunk_id":"cevlfxpegqwtq","chunk_label":"unnamed-chunk-3"},{"row":132,"row_count":1,"visible":true,"expansion_state":0,"options":{"engine":"r","label":"unnamed-chunk-31"},"document_id":"53D52603","chunk_id":"c80amrj3ue00r","chunk_label":"unnamed-chunk-5"},{"row":208,"row_count":1,"visible":true,"expansion_state":0,"options":{"engine":"r","label":"unnamed-chunk-32"},"document_id":"53D52603","chunk_id":"cb2cfpymcrvkg","chunk_label":"unnamed-chunk-11"}],"doc_write_time":1631910583}